iter	RMSE
0	0.4806896971
1	0.3684015341
2	0.3262988077
3	0.463644368
4	0.331554449
5	0.2825507387
